Customer_ID,First Name,Last Name,City,Age,Gender,Account Balance,Loan Amount,Monthly Income,Account Type,Status
CUST0001,Ellen,Young,Trichy,27.0,female,173251.0,201954.0,60097,Savings,Active
CUST0002,Mark,Watson,Salem,22.0,Female,290970.0,230892.0,84539,Current,Inactive
CUST0003,Jennifer,Daniels,Salem,59.0,male,154393.0,46687.0,129825,Current,Active
CUST0004,Karen,Jordan,Salem,53.0,M,407998.0,229123.0,33489,Salary,Inactive
CUST0005,Ryan,Ford,Trichy,48.0,F,,82629.0,36790,Salary,Active
CUST0006,Alexis,Roy,Trichy,39.0,male,393546.0,282820.0,60204,Salary,Active
CUST0007,Jonathon,Wright,Coimbatore,40.0,male,277326.0,202534.0,63511,Salary,Inactive
CUST0008,Kevin,Daniel,Chennai,31.0,F,409932.0,209949.0,17760,Current,Active
CUST0009,Aaron,Carpenter,Trichy,47.0,M,468043.0,123836.0,101261,Savings,Active
CUST0010,Brittany,Anderson,Coimbatore,45.0,M,328320.0,171683.0,115464,Savings,Inactive
CUST0011,Jose,Carson,Madurai,57.0,Male,311372.0,251677.0,47473,Savings,Active
CUST0012,Christopher,Smith,Coimbatore,38.0,M,37657.0,146719.0,147344,Current,Inactive
CUST0013,Brent,Robbins,Coimbatore,57.0,F,,97461.0,80848,Current,Active
CUST0014,Benjamin,Alvarez,Salem,34.0,FEMALE,235791.0,49290.0,24861,Current,Inactive
CUST0015,Kenneth,Barker,Coimbatore,34.0,Male,142325.0,119346.0,63943,Savings,Active
CUST0016,Nathan,Humphrey,Coimbatore,25.0,F,183534.0,37832.0,82064,Salary,Inactive
CUST0017,Rodney,Mueller,Salem,39.0,,378588.0,4870.0,147525,Savings,Active
CUST0018,John,Williamson,Chennai,32.0,Female,109396.0,24146.0,84605,Savings,Inactive
CUST0019,Alexis,Collins,Madurai,58.0,FEMALE,366989.0,66345.0,93738,Savings,Inactive
CUST0020,Dustin,Garcia,Chennai,29.0,F,28089.0,105962.0,89657,Savings,Inactive
CUST0021,Raymond,Brown,Trichy,24.0,MALE,464120.0,255109.0,49534,Current,Inactive
CUST0022,Latoya,White,Salem,52.0,Female,242645.0,215764.0,119723,Salary,Active
CUST0023,Kelsey,Castillo,Salem,27.0,Female,96931.0,212684.0,72262,Salary,Active
CUST0024,Allison,Wang,Trichy,31.0,F,,22589.0,96065,Salary,Inactive
CUST0025,Theresa,Crosby,Madurai,40.0,female,376023.0,125661.0,17897,Savings,Active
CUST0026,Katelyn,Ramirez,Chennai,37.0,FEMALE,240960.0,87899.0,73114,Salary,Inactive
CUST0027,Marc,Newman,Trichy,32.0,Female,370808.0,214420.0,97047,Savings,Inactive
CUST0028,Renee,Dunn,Trichy,38.0,female,288932.0,169820.0,104449,Current,Inactive
CUST0029,David,Myers,Coimbatore,27.0,Female,229111.0,162228.0,46648,Salary,Inactive
CUST0030,Thomas,Hill,Madurai,22.0,FEMALE,327115.0,105929.0,117263,Salary,Active
CUST0031,Kenneth,Meadows,Salem,45.0,female,369852.0,,63444,Current,Active
CUST0032,Michael,Mccoy,Coimbatore,28.0,Female,31862.0,264712.0,89071,Current,Active
CUST0033,Jason,Crosby,Trichy,59.0,Female,157366.0,279801.0,53889,Current,Inactive
CUST0034,Richard,Scott,Chennai,52.0,F,46103.0,253552.0,137136,Current,Inactive
CUST0035,Kyle,Burch,Trichy,37.0,male,,279530.0,49401,Salary,Active
CUST0036,Carol,Nunez,Chennai,46.0,M,257101.0,4975.0,124975,Current,Active
CUST0037,William,Brady,Salem,51.0,male,436328.0,268431.0,20107,Current,Inactive
CUST0038,Sheena,Dawson,Madurai,43.0,Male,299153.0,217265.0,25816,Salary,Active
CUST0039,Sandra,Rodriguez,Chennai,,M,88858.0,176385.0,96405,Savings,Active
CUST0040,Luis,Bowen,Chennai,29.0,female,232818.0,277062.0,27152,Current,Inactive
CUST0041,Phillip,Thompson,Salem,21.0,,,118185.0,28996,Salary,Inactive
CUST0042,Denise,Holder,Salem,53.0,F,81993.0,280761.0,48115,Savings,Inactive
CUST0043,Juan,Espinoza,Coimbatore,33.0,,52480.0,239014.0,16422,Current,Inactive
CUST0044,Amanda,Gonzalez,Trichy,22.0,MALE,23528.0,7049.0,145390,Savings,Active
CUST0045,Ann,Brooks,Salem,37.0,male,26321.0,243195.0,40977,Savings,Active
CUST0046,Allison,Rogers,Coimbatore,49.0,M,429931.0,,52216,Savings,Active
CUST0047,Vickie,Lee,Coimbatore,26.0,,392441.0,74216.0,118625,Salary,Inactive
CUST0048,Dana,Adams,Trichy,39.0,F,58551.0,277650.0,136448,Savings,Active
CUST0049,Paula,Booth,Madurai,48.0,M,364338.0,91054.0,103727,Current,Active
CUST0050,Gina,Johnson,Trichy,42.0,MALE,,136937.0,132762,Savings,Active
CUST0051,Jamie,Jones,Trichy,53.0,M,432454.0,162456.0,138809,Salary,Inactive
CUST0052,Edward,Pham,Trichy,36.0,MALE,498522.0,128296.0,102110,Savings,Active
CUST0053,Jack,Powell,Salem,29.0,FEMALE,24638.0,269939.0,124648,Current,Inactive
CUST0054,Kevin,Lee,Trichy,26.0,F,154934.0,59613.0,70957,Current,Inactive
CUST0055,Roger,Gonzalez,Salem,39.0,Female,307691.0,14360.0,43277,Savings,Inactive
CUST0056,Andrew,Bass,Madurai,,Male,389788.0,,21066,Savings,Active
CUST0057,Jasmine,Lopez,Salem,55.0,M,192435.0,223701.0,119441,Salary,Active
CUST0058,Melissa,Peck,Salem,35.0,,176061.0,,134466,Savings,Inactive
CUST0059,Stephen,Cordova,Salem,25.0,Male,157455.0,31863.0,127242,Savings,Inactive
CUST0060,Logan,Wall,Chennai,22.0,female,391639.0,27554.0,100523,Savings,Inactive
CUST0061,Amy,Reed,Trichy,24.0,FEMALE,,100584.0,35602,Savings,Inactive
CUST0062,Tyler,Norris,Chennai,22.0,,209286.0,58952.0,142309,Salary,Active
CUST0063,Angela,Turner,Trichy,32.0,Male,320133.0,68265.0,96140,Current,Inactive
CUST0064,Tammy,Miller,Madurai,40.0,F,169071.0,90389.0,27537,Current,Active
CUST0065,Joe,Hill,Coimbatore,51.0,MALE,369541.0,273922.0,37790,Salary,Inactive
CUST0066,Elizabeth,Smith,Salem,34.0,MALE,312648.0,297858.0,15872,Current,Inactive
CUST0067,Nicole,Jones,Madurai,35.0,M,254939.0,23605.0,45649,Salary,Inactive
CUST0068,Whitney,Herring,Coimbatore,33.0,FEMALE,499776.0,135392.0,37056,Current,Inactive
CUST0069,Steven,Fisher,Salem,50.0,male,242966.0,244312.0,144112,Current,Active
CUST0070,Stacy,Villegas,Coimbatore,51.0,female,50013.0,176423.0,74597,Savings,Active
CUST0071,Thomas,Boyer,Madurai,31.0,female,,293560.0,124760,Current,Inactive
CUST0072,James,Wise,Salem,53.0,Male,128175.0,66663.0,77373,Savings,Active
CUST0073,Jim,Tran,Coimbatore,38.0,female,246560.0,88354.0,24069,Salary,Active
CUST0074,Steven,Martin,Coimbatore,42.0,,,104525.0,14252,Current,Inactive
CUST0075,Lonnie,Harmon,Chennai,40.0,male,303558.0,255099.0,47105,Savings,Inactive
CUST0076,Karen,Boone,Chennai,31.0,Male,175153.0,208967.0,63122,Current,Inactive
CUST0077,Sean,Jordan,Chennai,31.0,M,65007.0,,97917,Salary,Active
CUST0078,John,Mack,Madurai,54.0,,240234.0,292742.0,58877,Salary,Active
CUST0079,Willie,Anderson,Coimbatore,39.0,M,365810.0,280288.0,104256,Current,Active
CUST0080,Dustin,Silva,Chennai,42.0,male,271152.0,123703.0,41784,Savings,Active
CUST0081,Karen,Atkins,Salem,26.0,,276817.0,21940.0,121421,Salary,Inactive
CUST0082,Crystal,Harris,Coimbatore,48.0,FEMALE,162326.0,33262.0,11683,Current,Active
CUST0083,James,Murphy,Madurai,44.0,FEMALE,26693.0,164325.0,59378,Current,Active
CUST0084,Ashley,Crawford,Salem,22.0,female,253095.0,151123.0,16393,Savings,Inactive
CUST0085,Nicole,Ellison,Coimbatore,50.0,Female,,191793.0,73677,Salary,Inactive
CUST0086,Sandra,Burns,Salem,29.0,Male,465709.0,273873.0,80064,Salary,Active
CUST0087,Robert,Martin,Madurai,26.0,M,243375.0,,103915,Current,Inactive
CUST0088,Victor,Delacruz,Trichy,50.0,,319309.0,70456.0,47810,Current,Inactive
CUST0089,Willie,Brown,Madurai,52.0,Male,478333.0,15424.0,96576,Salary,Inactive
CUST0090,Ryan,Watson,Madurai,58.0,F,259971.0,86493.0,35064,Current,Active
CUST0091,Grace,Kennedy,Trichy,37.0,Female,244438.0,198147.0,18978,Current,Inactive
CUST0092,Gabriela,Keller,Salem,44.0,M,191107.0,18042.0,95357,Salary,Inactive
CUST0093,Juan,Smith,Trichy,46.0,Male,26630.0,44901.0,141490,Savings,Inactive
CUST0094,Sara,Larson,Chennai,36.0,Female,489137.0,10926.0,147692,Current,Inactive
CUST0095,Joshua,Smith,Coimbatore,22.0,female,157271.0,282313.0,76580,Savings,Active
CUST0096,Dennis,Owens,Salem,52.0,female,450848.0,97292.0,91197,Salary,Active
CUST0097,Kristin,Ross,Madurai,42.0,,342738.0,3460.0,89204,Salary,Inactive
CUST0098,James,Trevino,Trichy,55.0,male,440079.0,79425.0,92567,Current,Inactive
CUST0099,Anthony,Roberts,Chennai,37.0,,367420.0,62562.0,46449,Current,Active
CUST0100,Cory,Lee,Coimbatore,36.0,Female,231646.0,257042.0,42793,Current,Inactive
CUST0101,Shane,Sanders,Chennai,45.0,MALE,374377.0,224721.0,13573,Savings,Inactive
CUST0102,Chloe,Shepard,Salem,35.0,Female,114889.0,170333.0,52787,Salary,Inactive
CUST0103,Breanna,Cline,Chennai,44.0,,8871.0,143048.0,136897,Current,Active
CUST0104,Kara,Lewis,Salem,44.0,Male,120703.0,2085.0,105067,Savings,Inactive
CUST0105,Anthony,Tate,Coimbatore,38.0,Female,198032.0,115288.0,131182,Savings,Active
CUST0106,Kelly,Garcia,Coimbatore,57.0,FEMALE,335897.0,33389.0,120473,Savings,Inactive
CUST0107,Kelsey,Clark,Coimbatore,33.0,F,238803.0,,115518,Current,Active
CUST0108,Susan,English,Madurai,33.0,female,,136824.0,97308,Savings,Inactive
CUST0109,Marcia,Reed,Chennai,34.0,,16297.0,208977.0,41802,Savings,Inactive
CUST0110,Tyler,Mann,Madurai,35.0,MALE,80267.0,33899.0,99816,Salary,Active
CUST0111,Kendra,Nguyen,Madurai,45.0,M,,48154.0,50530,Current,Inactive
CUST0112,Laura,Torres,Trichy,44.0,M,80503.0,33346.0,137146,Savings,Inactive
CUST0113,Luis,Douglas,Trichy,29.0,male,127763.0,126448.0,116625,Savings,Active
CUST0114,Renee,Todd,Salem,51.0,Male,281645.0,292.0,138939,Savings,Active
CUST0115,Kristen,Wilson,Trichy,25.0,FEMALE,398354.0,123833.0,31685,Salary,Inactive
CUST0116,Johnny,Wood,Madurai,27.0,,92335.0,282803.0,83920,Savings,Active
CUST0117,Megan,Freeman,Salem,32.0,F,212363.0,125112.0,59296,Salary,Active
CUST0118,Regina,Flores,Chennai,56.0,M,,108865.0,16616,Current,Inactive
CUST0119,Laura,Colon,Coimbatore,21.0,F,398885.0,,82448,Salary,Inactive
CUST0120,Christopher,Rios,Trichy,28.0,Female,175622.0,,115068,Current,Inactive
CUST0121,John,Malone,Trichy,46.0,Female,224551.0,121925.0,116065,Salary,Active
CUST0122,Luis,Ramos,Salem,46.0,female,377318.0,163328.0,42694,Current,Inactive
CUST0123,Luis,Conway,Trichy,43.0,Male,54798.0,249335.0,135806,Current,Active
CUST0124,Diana,Moore,Coimbatore,40.0,Male,345857.0,211857.0,111513,Current,Active
CUST0125,Jenna,Scott,Trichy,44.0,Female,276981.0,182803.0,37765,Savings,Inactive
CUST0126,Anthony,Fowler,Coimbatore,45.0,F,408824.0,142277.0,22112,Current,Active
CUST0127,Emily,Roy,Chennai,47.0,FEMALE,210402.0,94577.0,60506,Current,Inactive
CUST0128,Daniel,Weaver,Coimbatore,41.0,male,119547.0,96291.0,101237,Savings,Active
CUST0129,Megan,Leon,Trichy,26.0,Female,328510.0,112717.0,147135,Salary,Inactive
CUST0130,Jessica,Maynard,Trichy,28.0,female,478900.0,35361.0,83845,Salary,Active
CUST0131,Andrea,Patterson,Coimbatore,47.0,MALE,406562.0,59465.0,64511,Salary,Active
CUST0132,Paul,Cruz,Salem,47.0,Female,301525.0,127024.0,142319,Current,Active
CUST0133,Aaron,Bond,Coimbatore,46.0,MALE,455252.0,183492.0,138614,Salary,Active
CUST0134,George,Acosta,Madurai,49.0,,26460.0,74486.0,132541,Current,Inactive
CUST0135,Alan,Silva,Madurai,35.0,M,12234.0,72171.0,98331,Current,Inactive
CUST0136,Stephen,Ramirez,Trichy,54.0,Male,211597.0,8683.0,110922,Current,Inactive
CUST0137,Matthew,Martin,Salem,34.0,MALE,84415.0,,22476,Salary,Inactive
CUST0138,Ashley,Ruiz,Madurai,21.0,FEMALE,21816.0,,54938,Savings,Inactive
CUST0139,Patrick,White,Coimbatore,31.0,male,318474.0,242458.0,87577,Current,Active
CUST0140,Yvonne,Callahan,Coimbatore,38.0,,479125.0,84817.0,138177,Current,Active
CUST0141,Carrie,Chang,Madurai,48.0,,153691.0,104898.0,102853,Current,Active
CUST0142,Pamela,Leach,Coimbatore,58.0,,,192321.0,97508,Current,Inactive
CUST0143,Omar,Welch,Madurai,57.0,F,404248.0,231223.0,140470,Current,Active
CUST0144,Gabriel,Sanchez,Salem,44.0,female,423641.0,184884.0,139128,Current,Inactive
CUST0145,Marc,Harris,Chennai,40.0,female,136662.0,133410.0,129107,Current,Inactive
CUST0146,Donna,Dunn,Madurai,29.0,F,190978.0,232713.0,133554,Current,Inactive
CUST0147,Stanley,Whitney,Coimbatore,56.0,F,3195.0,296213.0,58646,Savings,Inactive
CUST0148,Traci,Carter,Salem,26.0,F,320584.0,211363.0,73878,Savings,Inactive
CUST0149,John,Caldwell,Coimbatore,33.0,FEMALE,194588.0,282284.0,104731,Savings,Inactive
CUST0150,Tasha,Wilson,Madurai,44.0,FEMALE,85080.0,89756.0,40451,Current,Inactive
CUST0151,Candace,Clayton,Trichy,48.0,MALE,166669.0,278302.0,39409,Savings,Active
CUST0152,Catherine,Norman,Coimbatore,39.0,,,45731.0,146843,Salary,Active
CUST0153,Suzanne,Brewer,Salem,30.0,,,3666.0,75322,Savings,Active
CUST0154,Robert,Wagner,Madurai,23.0,male,465364.0,,69069,Savings,Active
CUST0155,Bradley,Zimmerman,Coimbatore,59.0,Female,466360.0,287966.0,78186,Savings,Inactive
CUST0156,Anthony,Holland,Trichy,32.0,M,158712.0,293271.0,64545,Current,Inactive
CUST0157,Glen,Gibson,Trichy,23.0,Female,479288.0,196333.0,54686,Salary,Active
CUST0158,Marvin,Harvey,Chennai,26.0,,410416.0,278605.0,117063,Salary,Inactive
CUST0159,Larry,Brown,Salem,25.0,male,155788.0,249922.0,130004,Current,Active
CUST0160,Mark,Jones,Coimbatore,35.0,M,370236.0,252371.0,42405,Salary,Active
CUST0161,Emily,Schultz,Madurai,59.0,F,,198348.0,63502,Current,Inactive
CUST0162,Adrian,Martinez,Madurai,47.0,female,196807.0,100862.0,96119,Current,Active
CUST0163,Nancy,Dixon,Salem,27.0,female,249502.0,239466.0,50803,Salary,Active
CUST0164,Ruben,Davenport,Trichy,49.0,F,1348.0,278297.0,57909,Savings,Inactive
CUST0165,Natalie,Wilson,Trichy,35.0,female,,276585.0,129538,Salary,Inactive
CUST0166,Mary,Mason,Trichy,48.0,male,385522.0,201718.0,65198,Current,Active
CUST0167,Gary,Payne,Coimbatore,46.0,,47320.0,9.0,74530,Savings,Active
CUST0168,Elizabeth,Bernard,Trichy,52.0,F,399377.0,159636.0,89547,Salary,Inactive
CUST0169,Joel,Chambers,Salem,54.0,Male,73842.0,99315.0,20813,Current,Inactive
CUST0170,Anthony,Smith,Chennai,41.0,female,486104.0,64489.0,137970,Savings,Active
CUST0171,Ann,Taylor,Salem,,,17815.0,,59085,Savings,Active
CUST0172,Jason,Chan,Madurai,40.0,male,266550.0,290872.0,42254,Savings,Inactive
CUST0173,Tiffany,Duke,Trichy,55.0,M,31173.0,152109.0,91439,Salary,Inactive
CUST0174,Laura,White,Madurai,36.0,,435832.0,,61510,Savings,Active
CUST0175,Susan,Edwards,Chennai,50.0,male,227860.0,71296.0,40696,Current,Inactive
CUST0176,Kathy,Anderson,Trichy,54.0,female,488221.0,275631.0,130107,Savings,Inactive
CUST0177,Kim,Thompson,Madurai,35.0,Male,200936.0,56987.0,55489,Salary,Active
CUST0178,Sean,Houston,Trichy,27.0,female,380462.0,95783.0,37390,Current,Active
CUST0179,Patricia,Leblanc,Coimbatore,30.0,F,46055.0,,140682,Current,Active
CUST0180,Roberto,Ward,Chennai,29.0,Female,238355.0,260567.0,80549,Salary,Active
CUST0181,Paul,Richardson,Trichy,26.0,F,35223.0,137145.0,144461,Current,Inactive
CUST0182,Jason,Pratt,Coimbatore,54.0,MALE,3138.0,197325.0,65932,Savings,Active
CUST0183,Anthony,Hansen,Chennai,50.0,MALE,426487.0,176469.0,121016,Salary,Inactive
CUST0184,James,Murphy,Coimbatore,21.0,male,442824.0,185490.0,132787,Salary,Inactive
CUST0185,Michelle,Myers,Coimbatore,39.0,M,376223.0,128406.0,124081,Salary,Inactive
CUST0186,Heather,Wilson,Coimbatore,54.0,Female,373850.0,163039.0,121571,Savings,Active
CUST0187,Traci,Rogers,Salem,30.0,MALE,490901.0,180701.0,78111,Current,Inactive
CUST0188,Robert,Cline,Coimbatore,25.0,Female,60576.0,115473.0,121304,Salary,Inactive
CUST0189,Jeff,Acosta,Salem,22.0,,393459.0,58701.0,116099,Savings,Active
CUST0190,Jeffrey,Long,Chennai,24.0,male,137414.0,29246.0,118197,Salary,Active
CUST0191,Ashley,Moore,Salem,57.0,Female,,114677.0,115143,Salary,Inactive
CUST0192,Debra,Kaufman,Coimbatore,55.0,FEMALE,357817.0,143134.0,105627,Salary,Inactive
CUST0193,Alan,Wilson,Salem,52.0,female,267301.0,65147.0,89017,Current,Inactive
CUST0194,Louis,Morris,Salem,38.0,FEMALE,38570.0,172496.0,50085,Savings,Active
CUST0195,James,Young,Chennai,57.0,,142157.0,294194.0,143345,Current,Active
CUST0196,Tina,Farley,Chennai,28.0,MALE,324504.0,85106.0,70595,Salary,Inactive
CUST0197,Dana,Murillo,Chennai,25.0,Female,385218.0,56024.0,74402,Savings,Active
CUST0198,Ronnie,Smith,Madurai,48.0,F,273361.0,84910.0,106961,Salary,Inactive
CUST0199,Justin,Daniels,Trichy,30.0,FEMALE,461653.0,,10221,Current,Active
CUST0200,Joseph,Edwards,Chennai,33.0,female,3706.0,291665.0,47241,Salary,Inactive
CUST0201,Larry,Brown,Coimbatore,40.0,male,160888.0,201370.0,131358,Current,Inactive
CUST0202,Michael,Schroeder,Chennai,31.0,FEMALE,173075.0,196861.0,38615,Salary,Inactive
CUST0203,Garrett,Cherry,Chennai,24.0,Male,399985.0,29972.0,11539,Savings,Inactive
CUST0204,Arthur,Mccarthy,Trichy,43.0,MALE,369506.0,181233.0,104626,Current,Active
CUST0205,Veronica,Chaney,Salem,53.0,MALE,437459.0,8915.0,67898,Current,Active
CUST0206,Cathy,Hill,Trichy,36.0,Male,187536.0,75679.0,92037,Savings,Active
CUST0207,Jason,Costa,Coimbatore,49.0,Female,279710.0,116645.0,77897,Salary,Active
CUST0208,Paul,Duncan,Madurai,33.0,male,379479.0,31375.0,106578,Current,Inactive
CUST0209,Manuel,Smith,Salem,58.0,M,441773.0,259703.0,39597,Current,Inactive
CUST0210,Julie,Hahn,Coimbatore,41.0,male,27728.0,96516.0,16978,Salary,Active
CUST0211,Darren,Wood,Salem,21.0,MALE,374804.0,131689.0,45773,Salary,Inactive
CUST0212,Tyler,Castro,Chennai,32.0,male,53731.0,50989.0,123390,Savings,Inactive
CUST0213,Amanda,Hicks,Coimbatore,40.0,FEMALE,,117495.0,97688,Salary,Inactive
CUST0214,George,Cox,Madurai,,male,467647.0,,90662,Current,Inactive
CUST0215,Justin,Smith,Coimbatore,51.0,,,158368.0,123724,Salary,Active
CUST0216,Vernon,Cooke,Salem,,male,333141.0,103652.0,108797,Savings,Active
CUST0217,Tony,Ramirez,Trichy,40.0,Female,198536.0,117919.0,146338,Salary,Active
CUST0218,Anthony,Esparza,Chennai,29.0,FEMALE,162643.0,232547.0,134424,Salary,Inactive
CUST0219,Frederick,Valenzuela,Salem,57.0,,355603.0,262024.0,53274,Current,Active
CUST0220,Katherine,Gonzalez,Trichy,27.0,F,246510.0,252281.0,77699,Current,Inactive
CUST0221,Keith,Price,Coimbatore,25.0,M,92489.0,68057.0,83366,Savings,Active
CUST0222,Angela,Gillespie,Madurai,40.0,male,449914.0,181459.0,97438,Salary,Active
CUST0223,Natalie,Valencia,Salem,29.0,,100430.0,229577.0,85300,Savings,Active
CUST0224,Lawrence,Richardson,Salem,28.0,,145754.0,10382.0,99604,Savings,Active
CUST0225,Brooke,Wheeler,Chennai,28.0,female,490192.0,260016.0,35474,Current,Inactive
CUST0226,Michael,Davis,Coimbatore,38.0,Female,455177.0,43604.0,110288,Current,Inactive
CUST0227,Susan,Martin,Madurai,35.0,FEMALE,8503.0,141166.0,147723,Savings,Inactive
CUST0228,Patricia,Dickson,Madurai,44.0,Female,66769.0,90077.0,30896,Savings,Inactive
CUST0229,Jay,Mcbride,Madurai,33.0,M,14098.0,261495.0,92688,Salary,Inactive
CUST0230,Ashley,Jones,Trichy,46.0,,32423.0,92123.0,91434,Salary,Active
CUST0231,Matthew,Andrews,Chennai,43.0,Female,495740.0,260742.0,65183,Current,Active
CUST0232,Kevin,Murphy,Chennai,46.0,FEMALE,142692.0,89969.0,58843,Savings,Active
CUST0233,Shaun,Weaver,Madurai,47.0,Male,39811.0,54376.0,132362,Savings,Active
CUST0234,Kimberly,Ramirez,Madurai,41.0,MALE,325458.0,,24131,Salary,Active
CUST0235,Cheryl,Martinez,Salem,55.0,Female,498884.0,157849.0,24981,Current,Inactive
CUST0236,Paul,Wells,Coimbatore,28.0,F,367522.0,13770.0,18397,Savings,Inactive
CUST0237,James,Young,Coimbatore,30.0,Female,74573.0,181531.0,101609,Current,Active
CUST0238,Shawn,Kerr,Chennai,58.0,,316401.0,126564.0,46627,Salary,Inactive
CUST0239,Kevin,Wise,Salem,22.0,MALE,,125610.0,144558,Current,Active
CUST0240,Samuel,Horn,Chennai,44.0,MALE,392968.0,98440.0,104452,Savings,Inactive
CUST0241,Christina,Harris,Salem,25.0,Male,141019.0,237860.0,76026,Savings,Inactive
CUST0242,Caitlin,Harrison,Madurai,41.0,,26355.0,288262.0,140545,Savings,Inactive
CUST0243,Erin,Perez,Coimbatore,39.0,F,33060.0,13304.0,68599,Current,Active
CUST0244,Michael,Johnson,Coimbatore,29.0,Female,225132.0,,138186,Salary,Active
CUST0245,Donna,Nelson,Chennai,32.0,male,378162.0,29771.0,90666,Current,Active
CUST0246,Nicole,Osborne,Trichy,51.0,Male,445852.0,174166.0,40816,Salary,Inactive
CUST0247,Kathleen,Pugh,Madurai,28.0,male,374533.0,202684.0,58850,Current,Inactive
CUST0248,Christopher,Mendoza,Chennai,25.0,Female,,229631.0,10023,Savings,Active
CUST0249,Chloe,Matthews,Madurai,,F,64757.0,137797.0,81626,Current,Inactive
CUST0250,Brent,Montes,Trichy,46.0,female,200473.0,198367.0,18240,Current,Active
CUST0251,Brittany,Lopez,Salem,29.0,M,133874.0,230994.0,60374,Current,Active
CUST0252,Patrick,Butler,Chennai,32.0,FEMALE,120800.0,193983.0,72555,Salary,Inactive
CUST0253,Brianna,White,Coimbatore,21.0,F,24494.0,,10107,Current,Active
CUST0254,Brandon,Sullivan,Trichy,43.0,MALE,60001.0,242413.0,12218,Salary,Active
CUST0255,Sarah,Johnson,Trichy,44.0,female,3592.0,100851.0,62228,Savings,Inactive
CUST0256,Connor,Callahan,Salem,33.0,MALE,181826.0,165665.0,88736,Current,Active
CUST0257,Elizabeth,Cohen,Coimbatore,54.0,Female,394037.0,3311.0,135619,Current,Inactive
CUST0258,Lindsay,Ramirez,Madurai,21.0,MALE,408755.0,188114.0,137618,Current,Inactive
CUST0259,Teresa,Taylor,Trichy,31.0,M,108050.0,,93221,Savings,Inactive
CUST0260,William,Ortega,Madurai,39.0,female,100244.0,,134279,Current,Active
CUST0261,Bobby,Turner,Trichy,29.0,male,61657.0,221835.0,117826,Current,Active
CUST0262,Kristin,Martinez,Coimbatore,57.0,M,409796.0,183156.0,139715,Savings,Active
CUST0263,Lauren,Hood,Chennai,54.0,male,301288.0,246304.0,87492,Savings,Active
CUST0264,Cheryl,Odonnell,Coimbatore,45.0,MALE,415236.0,217909.0,58843,Savings,Active
CUST0265,Susan,Fuller,Salem,28.0,male,145056.0,138211.0,105442,Savings,Inactive
CUST0266,Robert,Robinson,Madurai,38.0,M,138652.0,40718.0,148569,Current,Active
CUST0267,Connor,Lucas,Trichy,59.0,female,317699.0,142775.0,14876,Salary,Inactive
CUST0268,Brian,Ryan,Trichy,50.0,,439957.0,142534.0,97398,Salary,Inactive
CUST0269,Jeff,Davis,Trichy,37.0,F,413130.0,264306.0,39586,Current,Active
CUST0270,Melissa,Arellano,Coimbatore,,F,351783.0,9680.0,140390,Current,Inactive
CUST0271,Amber,Harris,Salem,43.0,Male,102373.0,,149188,Current,Inactive
CUST0272,Kimberly,Johnson,Salem,23.0,,287024.0,126404.0,89780,Savings,Active
CUST0273,Michelle,Wells,Coimbatore,22.0,M,172316.0,44055.0,42063,Savings,Inactive
CUST0274,Richard,Miller,Chennai,56.0,FEMALE,438601.0,150939.0,21949,Savings,Active
CUST0275,Brandy,Bradley,Trichy,55.0,MALE,324788.0,,93677,Current,Active
CUST0276,Isabella,Marks,Madurai,29.0,F,175719.0,,60758,Current,Inactive
CUST0277,Erica,Peters,Salem,36.0,FEMALE,309930.0,7258.0,63114,Current,Inactive
CUST0278,Jill,George,Coimbatore,25.0,FEMALE,147276.0,236753.0,73692,Savings,Active
CUST0279,Haley,Holden,Madurai,24.0,female,240261.0,,116997,Current,Inactive
CUST0280,Amanda,Harris,Trichy,46.0,M,,120478.0,69931,Current,Inactive
CUST0281,Kenneth,Brown,Trichy,49.0,FEMALE,375152.0,52031.0,37560,Current,Inactive
CUST0282,Justin,Hahn,Coimbatore,33.0,M,151168.0,,44654,Salary,Inactive
CUST0283,Gary,Johnson,Salem,53.0,female,217784.0,,42272,Savings,Inactive
CUST0284,Michele,Allison,Coimbatore,56.0,male,,75127.0,22604,Savings,Inactive
CUST0285,Ryan,Gordon,Salem,57.0,Male,185466.0,,11672,Current,Active
CUST0286,Tony,Stone,Trichy,57.0,Male,248370.0,,85731,Savings,Inactive
CUST0287,Steven,Clark,Salem,28.0,female,,13072.0,85152,Salary,Active
CUST0288,Amber,Stevens,Madurai,24.0,F,312844.0,199971.0,118458,Salary,Active
CUST0289,James,Holmes,Chennai,49.0,Male,376953.0,94341.0,17170,Savings,Inactive
CUST0290,Jodi,Owens,Chennai,47.0,Female,453324.0,230328.0,142772,Current,Inactive
CUST0291,Jessica,Kirk,Coimbatore,56.0,female,305353.0,44907.0,66591,Savings,Active
CUST0292,Jessica,Thompson,Chennai,25.0,,36302.0,118953.0,23718,Current,Active
CUST0293,Ashley,Weaver,Salem,25.0,M,490291.0,199503.0,93843,Savings,Inactive
CUST0294,Timothy,Baker,Trichy,21.0,FEMALE,458301.0,3017.0,69782,Savings,Active
CUST0295,Nancy,Larsen,Madurai,31.0,female,165946.0,246730.0,87788,Current,Active
CUST0296,Kevin,Crosby,Salem,31.0,Female,222749.0,52686.0,132427,Savings,Inactive
CUST0297,Tommy,Baker,Salem,49.0,male,345725.0,112694.0,28135,Salary,Inactive
CUST0298,David,Ramirez,Madurai,48.0,female,,263971.0,28575,Salary,Active
CUST0299,William,Stephens,Trichy,46.0,Male,183901.0,177542.0,95568,Current,Inactive
CUST0300,Tracy,Palmer,Chennai,53.0,female,403540.0,204089.0,129090,Current,Active
CUST0301,Marc,Greene,Coimbatore,38.0,M,,135637.0,70852,Salary,Active
CUST0302,Michael,Bailey,Coimbatore,50.0,,398645.0,8577.0,23013,Current,Active
CUST0303,James,Ortega,Salem,30.0,,306261.0,269798.0,80635,Current,Inactive
CUST0304,Jennifer,Wiley,Chennai,57.0,female,272810.0,224390.0,54434,Current,Active
CUST0305,Melissa,Neal,Chennai,44.0,MALE,312807.0,192625.0,82424,Salary,Active
CUST0306,Timothy,Wright,Chennai,27.0,FEMALE,251648.0,103172.0,26129,Salary,Inactive
CUST0307,Deborah,Sexton,Madurai,27.0,M,67974.0,87618.0,44357,Current,Active
CUST0308,Alyssa,Miller,Chennai,22.0,M,485485.0,18784.0,93813,Savings,Inactive
CUST0309,Rebecca,Diaz,Madurai,54.0,male,109958.0,107125.0,127145,Savings,Inactive
CUST0310,Sara,Villa,Trichy,43.0,,278282.0,29959.0,142328,Savings,Active
CUST0311,Joseph,Robinson,Trichy,50.0,MALE,355771.0,,41859,Salary,Active
CUST0312,Amy,Guzman,Chennai,57.0,,45970.0,128766.0,125001,Salary,Active
CUST0313,Samantha,Williams,Coimbatore,48.0,,,206990.0,54111,Current,Inactive
CUST0314,Adam,Jones,Salem,53.0,Male,157820.0,64024.0,87134,Salary,Active
CUST0315,Lori,Hoffman,Coimbatore,26.0,,176152.0,295988.0,99815,Savings,Active
CUST0316,John,Walker,Salem,58.0,female,287850.0,126707.0,35430,Savings,Active
CUST0317,Jonathan,Black,Madurai,50.0,F,,165647.0,128389,Savings,Inactive
CUST0318,Kristina,Lawrence,Madurai,50.0,male,77356.0,224656.0,39771,Current,Inactive
CUST0319,Ashley,Mckee,Chennai,53.0,Female,115703.0,,33155,Salary,Inactive
CUST0320,Morgan,Hoffman,Salem,28.0,Male,119331.0,53706.0,112694,Savings,Inactive
CUST0321,Andrew,Holmes,Trichy,36.0,FEMALE,257047.0,64877.0,35938,Current,Inactive
CUST0322,Lisa,Gonzalez,Salem,28.0,MALE,212599.0,223891.0,107628,Salary,Active
CUST0323,Lisa,Smith,Coimbatore,39.0,,298336.0,266155.0,132740,Savings,Active
CUST0324,Alejandra,Mullins,Trichy,41.0,FEMALE,297902.0,118874.0,125811,Current,Inactive
CUST0325,Amy,Ward,Trichy,33.0,female,404473.0,114030.0,134260,Savings,Active
CUST0326,Kimberly,Jones,Madurai,26.0,Male,22755.0,44105.0,119698,Current,Active
CUST0327,Dennis,Eaton,Trichy,50.0,Female,,5313.0,73994,Salary,Active
CUST0328,Stephen,Edwards,Salem,28.0,Female,,42716.0,124454,Current,Active
CUST0329,Emily,Wright,Salem,27.0,,290084.0,46043.0,41016,Savings,Inactive
CUST0330,Danielle,Parker,Trichy,46.0,F,170467.0,135825.0,109158,Salary,Inactive
CUST0331,Renee,Johnson,Chennai,49.0,,204803.0,32528.0,63634,Current,Inactive
CUST0332,Thomas,Schmidt,Trichy,25.0,MALE,80008.0,277616.0,147411,Savings,Inactive
CUST0333,Trevor,Gill,Coimbatore,49.0,male,343663.0,214206.0,98557,Current,Active
CUST0334,Jordan,Arnold,Chennai,35.0,M,9875.0,172030.0,52296,Savings,Active
CUST0335,Marie,Hurley,Coimbatore,21.0,MALE,,175040.0,85623,Savings,Active
CUST0336,Victoria,James,Coimbatore,45.0,M,498449.0,8916.0,16561,Current,Inactive
CUST0337,Brandon,Woodard,Madurai,32.0,male,,17147.0,126727,Savings,Active
CUST0338,Margaret,Bennett,Coimbatore,31.0,Male,4732.0,240273.0,104443,Current,Active
CUST0339,Scott,Lambert,Trichy,24.0,Male,8059.0,225947.0,49929,Salary,Active
CUST0340,Paul,Baldwin,Trichy,59.0,MALE,172506.0,16556.0,122532,Savings,Active
CUST0341,Megan,Jackson,Coimbatore,24.0,male,378948.0,170870.0,61035,Salary,Active
CUST0342,Jeremy,Baldwin,Chennai,49.0,,41359.0,85198.0,70505,Savings,Active
CUST0343,Veronica,Shelton,Coimbatore,59.0,MALE,375375.0,174756.0,81729,Current,Active
CUST0344,Debra,Weaver,Madurai,50.0,female,336760.0,126805.0,32209,Current,Active
CUST0345,William,Lawrence,Madurai,55.0,MALE,320319.0,40592.0,115131,Salary,Active
CUST0346,Kayla,Mcconnell,Chennai,56.0,Male,62048.0,240071.0,16656,Salary,Inactive
CUST0347,Robin,Miranda,Madurai,34.0,Male,131492.0,202927.0,60858,Savings,Inactive
CUST0348,Zachary,Martinez,Salem,52.0,,219681.0,217472.0,147457,Savings,Inactive
CUST0349,Denise,Henderson,Salem,33.0,Female,174752.0,53222.0,75892,Salary,Active
CUST0350,Linda,Gould,Salem,37.0,FEMALE,192495.0,48295.0,106034,Salary,Active
CUST0351,Jessica,Johnson,Salem,55.0,Male,336350.0,18182.0,113090,Current,Inactive
CUST0352,Rachel,Bauer,Coimbatore,30.0,F,232334.0,192846.0,107785,Savings,Inactive
CUST0353,Michele,Moss,Coimbatore,49.0,F,321848.0,278204.0,51310,Savings,Active
CUST0354,William,Blackwell,Trichy,58.0,,436251.0,266972.0,75556,Current,Inactive
CUST0355,Antonio,Underwood,Coimbatore,35.0,female,214107.0,149662.0,108410,Current,Active
CUST0356,Gerald,Gonzalez,Salem,,FEMALE,278509.0,72745.0,45862,Savings,Inactive
CUST0357,Garrett,Guerra,Chennai,48.0,FEMALE,57117.0,53915.0,117766,Salary,Active
CUST0358,John,Garcia,Salem,43.0,MALE,396455.0,93598.0,65578,Current,Inactive
CUST0359,Jeffrey,Mathews,Coimbatore,47.0,,90614.0,189968.0,92863,Savings,Active
CUST0360,Samantha,Banks,Trichy,21.0,F,111730.0,155929.0,112465,Salary,Active
CUST0361,Kaitlin,Romero,Coimbatore,30.0,M,44023.0,47631.0,32958,Salary,Inactive
CUST0362,Brad,Davis,Chennai,42.0,M,,,48171,Current,Active
CUST0363,Crystal,Foster,Chennai,57.0,,44348.0,68666.0,37097,Savings,Active
CUST0364,Amanda,Mays,Salem,43.0,,466548.0,22733.0,34409,Savings,Active
CUST0365,Tonya,Miller,Chennai,52.0,MALE,360002.0,161259.0,111384,Savings,Inactive
CUST0366,Jeffrey,Martinez,Salem,39.0,Female,258853.0,20010.0,22361,Current,Inactive
CUST0367,Daniel,Knight,Trichy,48.0,FEMALE,,101858.0,95966,Current,Active
CUST0368,Heather,Alvarado,Trichy,43.0,,237006.0,84806.0,105352,Current,Active
CUST0369,Vanessa,Williams,Salem,39.0,,261414.0,239815.0,30064,Savings,Inactive
CUST0370,Alexandra,Wilson,Chennai,56.0,female,319744.0,93137.0,76700,Savings,Active
CUST0371,Zachary,Merritt,Coimbatore,24.0,M,,133095.0,48979,Salary,Inactive
CUST0372,Deanna,West,Coimbatore,59.0,F,344622.0,260297.0,74372,Savings,Inactive
CUST0373,Victoria,Fisher,Salem,28.0,Female,392183.0,132526.0,134976,Savings,Inactive
CUST0374,Sarah,Wilson,Trichy,32.0,FEMALE,121171.0,6261.0,148901,Salary,Inactive
CUST0375,Kathryn,Richmond,Salem,53.0,MALE,478742.0,51344.0,125003,Current,Inactive
CUST0376,Brittney,Villa,Salem,31.0,,396430.0,82952.0,97601,Salary,Inactive
CUST0377,Christopher,Jackson,Coimbatore,24.0,FEMALE,423701.0,129181.0,15001,Salary,Active
CUST0378,Nicole,Sutton,Trichy,27.0,Male,293666.0,234181.0,54259,Savings,Inactive
CUST0379,Warren,Thomas,Trichy,53.0,MALE,34264.0,103776.0,129466,Current,Active
CUST0380,Jeremiah,Becker,Chennai,50.0,FEMALE,160810.0,268796.0,145311,Current,Active
CUST0381,Carrie,Hunter,Trichy,40.0,M,242668.0,62828.0,32923,Current,Inactive
CUST0382,Brittany,Serrano,Salem,56.0,,485185.0,85717.0,23583,Salary,Active
CUST0383,William,Edwards,Trichy,24.0,Male,16514.0,10309.0,120769,Savings,Active
CUST0384,John,Foster,Trichy,35.0,Female,,261842.0,71474,Current,Inactive
CUST0385,Xavier,Evans,Coimbatore,32.0,Male,337847.0,194095.0,21729,Current,Active
CUST0386,Victoria,Powers,Madurai,36.0,,129645.0,272792.0,118466,Savings,Inactive
CUST0387,Roberto,Brewer,Coimbatore,27.0,Male,284215.0,61252.0,88259,Salary,Inactive
CUST0388,Kyle,Gibson,Coimbatore,58.0,MALE,151192.0,,116164,Current,Inactive
CUST0389,Brian,Martinez,Madurai,52.0,Male,107589.0,286248.0,128046,Savings,Inactive
CUST0390,Debra,Bowen,Trichy,59.0,female,208909.0,,68167,Current,Active
CUST0391,Megan,King,Trichy,24.0,FEMALE,442105.0,79060.0,134649,Savings,Active
CUST0392,Casey,Miranda,Chennai,27.0,,407361.0,238892.0,136584,Current,Inactive
CUST0393,Hector,Murphy,Chennai,34.0,female,,137432.0,29725,Salary,Inactive
CUST0394,Savannah,Blackwell,Madurai,31.0,FEMALE,101407.0,193618.0,72765,Savings,Active
CUST0395,Diane,Oconnor,Madurai,23.0,male,192867.0,263591.0,78847,Salary,Active
CUST0396,Anthony,Garner,Madurai,21.0,MALE,,64002.0,86639,Current,Active
CUST0397,Molly,Smith,Trichy,48.0,female,393629.0,,136131,Current,Inactive
CUST0398,Amanda,Jackson,Trichy,40.0,male,,75631.0,13823,Savings,Inactive
CUST0399,Christian,Randolph,Trichy,43.0,F,399324.0,77230.0,104802,Savings,Active
CUST0400,Jason,Mcdonald,Chennai,50.0,F,360643.0,208355.0,85285,Salary,Active
CUST0401,Linda,York,Chennai,43.0,Male,421245.0,211793.0,109090,Current,Inactive
CUST0402,Brittany,Williams,Trichy,33.0,female,373993.0,158009.0,128882,Current,Active
CUST0403,Alan,Wilkinson,Trichy,58.0,female,282383.0,105971.0,135782,Savings,Inactive
CUST0404,Thomas,Williams,Chennai,34.0,F,158930.0,85027.0,108391,Current,Inactive
CUST0405,Diana,Thompson,Chennai,59.0,MALE,258094.0,285919.0,85634,Savings,Inactive
CUST0406,Barbara,Gomez,Salem,45.0,FEMALE,167764.0,223982.0,138849,Salary,Inactive
CUST0407,Alexander,Mitchell,Salem,47.0,M,363497.0,,138066,Savings,Inactive
CUST0408,Henry,French,Chennai,44.0,Female,72208.0,143371.0,73110,Salary,Inactive
CUST0409,Shawn,Powell,Salem,46.0,,,248838.0,118491,Current,Inactive
CUST0410,Andrew,Mcdaniel,Salem,30.0,female,374240.0,293646.0,72554,Salary,Inactive
CUST0411,Destiny,Gonzalez,Coimbatore,49.0,MALE,440433.0,,11138,Current,Inactive
CUST0412,Mary,Brown,Trichy,44.0,male,,91719.0,97591,Savings,Inactive
CUST0413,Allison,Garcia,Madurai,27.0,FEMALE,387597.0,92401.0,40679,Savings,Inactive
CUST0414,Paul,Gomez,Madurai,28.0,M,482088.0,156740.0,34917,Savings,Active
CUST0415,Marie,Brown,Madurai,53.0,Male,393788.0,116430.0,129078,Current,Inactive
CUST0416,Stephen,Collins,Chennai,27.0,female,490489.0,82193.0,129796,Savings,Inactive
CUST0417,Taylor,Dominguez,Chennai,42.0,,457798.0,108281.0,44389,Salary,Active
CUST0418,Sergio,Rivera,Salem,22.0,male,335021.0,189636.0,78592,Current,Active
CUST0419,Jesse,Patrick,Salem,,MALE,3120.0,60865.0,55781,Current,Active
CUST0420,David,Kennedy,Trichy,51.0,FEMALE,270148.0,147407.0,86190,Savings,Inactive
CUST0421,George,Robinson,Madurai,51.0,MALE,384139.0,265224.0,143410,Current,Active
CUST0422,Kendra,Parrish,Coimbatore,51.0,Female,156167.0,122203.0,89240,Savings,Inactive
CUST0423,Carolyn,Rosales,Madurai,54.0,M,341982.0,49399.0,80710,Savings,Active
CUST0424,Jessica,Ross,Chennai,54.0,MALE,145773.0,222329.0,64379,Savings,Active
CUST0425,Christian,Smith,Madurai,42.0,MALE,462970.0,114807.0,35741,Savings,Active
CUST0426,Dana,White,Coimbatore,30.0,,433730.0,79679.0,90098,Current,Inactive
CUST0427,John,Zimmerman,Salem,52.0,female,244150.0,95455.0,131429,Salary,Active
CUST0428,David,Rodgers,Chennai,38.0,,26949.0,113838.0,10347,Salary,Inactive
CUST0429,Susan,Cox,Chennai,53.0,MALE,384132.0,101988.0,70297,Savings,Inactive
CUST0430,John,Taylor,Trichy,28.0,M,233988.0,76289.0,83238,Savings,Inactive
CUST0431,Sarah,Murray,Salem,,,425750.0,23446.0,42723,Current,Active
CUST0432,Candace,Jenkins,Coimbatore,54.0,FEMALE,476633.0,194437.0,68861,Current,Inactive
CUST0433,Matthew,Roberts,Salem,30.0,male,118089.0,284184.0,50039,Savings,Inactive
CUST0434,Lauren,Macias,Trichy,29.0,Male,498913.0,201506.0,61392,Salary,Active
CUST0435,Christina,Gomez,Madurai,43.0,Female,233107.0,227289.0,11533,Savings,Active
CUST0436,Kimberly,Ball,Trichy,30.0,Male,188588.0,276260.0,12660,Current,Active
CUST0437,Michael,Williams,Trichy,47.0,,442730.0,149951.0,39540,Savings,Inactive
CUST0438,Laura,Ho,Salem,36.0,FEMALE,5206.0,9335.0,117748,Current,Active
CUST0439,April,Webster,Salem,54.0,female,467112.0,123600.0,10020,Current,Active
CUST0440,Victoria,Austin,Salem,31.0,F,,262289.0,77480,Salary,Inactive
CUST0441,Rachel,Hernandez,Trichy,31.0,male,208769.0,219484.0,19960,Salary,Active
CUST0442,Jared,Newman,Chennai,42.0,M,160398.0,,75311,Savings,Inactive
CUST0443,Brittany,Harris,Chennai,54.0,FEMALE,353967.0,197795.0,36339,Savings,Inactive
CUST0444,William,Long,Trichy,41.0,F,126073.0,78410.0,130308,Savings,Inactive
CUST0445,Martha,Shannon,Coimbatore,40.0,Female,395938.0,,73401,Salary,Inactive
CUST0446,Kristopher,Mays,Madurai,53.0,female,272651.0,230009.0,133911,Savings,Active
CUST0447,Jillian,Webb,Trichy,43.0,FEMALE,,129394.0,85604,Salary,Inactive
CUST0448,Samuel,Mitchell,Coimbatore,56.0,M,499118.0,43309.0,34957,Current,Active
CUST0449,Elizabeth,Cortez,Chennai,41.0,MALE,200223.0,17373.0,106627,Current,Active
CUST0450,Thomas,Tucker,Coimbatore,57.0,,106546.0,48386.0,19370,Salary,Active
CUST0451,Roger,Holt,Madurai,32.0,Male,454929.0,97274.0,43181,Savings,Inactive
CUST0452,Regina,Wilson,Madurai,58.0,FEMALE,395891.0,70291.0,84711,Current,Active
CUST0453,Alexander,Hernandez,Coimbatore,21.0,,,100143.0,89160,Savings,Inactive
CUST0454,Christopher,Benjamin,Salem,59.0,MALE,338713.0,122238.0,94579,Current,Inactive
CUST0455,Renee,Meadows,Trichy,56.0,MALE,345560.0,285503.0,144456,Current,Active
CUST0456,Alexandria,Barker,Salem,,MALE,15064.0,158797.0,136280,Savings,Active
CUST0457,Matthew,Trevino,Trichy,23.0,Female,304325.0,50865.0,31298,Current,Inactive
CUST0458,Cameron,Welch,Chennai,31.0,FEMALE,290901.0,109376.0,17465,Salary,Inactive
CUST0459,Timothy,Alvarez,Trichy,28.0,Male,448148.0,129472.0,71159,Current,Active
CUST0460,William,Francis,Trichy,43.0,,133754.0,14974.0,61094,Savings,Active
CUST0461,Julie,Blake,Salem,39.0,Female,332729.0,238702.0,87084,Salary,Inactive
CUST0462,Franklin,Marsh,Salem,51.0,M,10701.0,112697.0,50046,Current,Active
CUST0463,Jesus,Garcia,Trichy,33.0,Female,398841.0,27530.0,97627,Salary,Inactive
CUST0464,Alyssa,Brewer,Chennai,26.0,male,56857.0,210581.0,105256,Savings,Inactive
CUST0465,Brittany,Miller,Trichy,43.0,Female,467881.0,267339.0,147297,Salary,Inactive
CUST0466,Jessica,Hess,Chennai,35.0,MALE,246314.0,114799.0,22592,Salary,Active
CUST0467,David,Cline,Chennai,56.0,Male,143643.0,181898.0,122614,Savings,Inactive
CUST0468,Mark,Taylor,Madurai,33.0,F,373048.0,141907.0,104175,Current,Active
CUST0469,Erin,Skinner,Coimbatore,35.0,female,445327.0,118601.0,51461,Current,Active
CUST0470,Christopher,Pope,Coimbatore,39.0,Male,22891.0,189334.0,67945,Savings,Active
CUST0471,Mackenzie,Davidson,Madurai,23.0,Female,182450.0,1176.0,125312,Savings,Inactive
CUST0472,Sandra,Boyd,Coimbatore,55.0,M,481429.0,254158.0,100605,Current,Inactive
CUST0473,Daniel,Hayes,Salem,56.0,male,90277.0,138782.0,60120,Current,Active
CUST0474,Samuel,Norris,Trichy,38.0,Female,22088.0,272924.0,52782,Savings,Inactive
CUST0475,Nicole,Mccann,Coimbatore,35.0,M,352953.0,25026.0,93067,Current,Active
CUST0476,Charles,Roberts,Madurai,56.0,female,443325.0,25262.0,125150,Current,Active
CUST0477,Gloria,Kelley,Salem,39.0,Male,77547.0,31211.0,76434,Savings,Inactive
CUST0478,Mark,Cardenas,Salem,51.0,female,15848.0,287227.0,60185,Salary,Active
CUST0479,Gregory,Daniel,Coimbatore,55.0,FEMALE,348155.0,,131143,Savings,Active
CUST0480,Ruth,Peterson,Madurai,40.0,female,175382.0,13905.0,142445,Savings,Inactive
CUST0481,Linda,Carlson,Salem,49.0,FEMALE,50264.0,205756.0,13873,Salary,Active
CUST0482,April,Taylor,Coimbatore,37.0,,327679.0,65689.0,128144,Savings,Inactive
CUST0483,Carolyn,Fisher,Coimbatore,50.0,female,,215259.0,138761,Current,Active
CUST0484,Alexandra,Smith,Trichy,28.0,male,128881.0,16614.0,45745,Savings,Inactive
CUST0485,Patricia,Norris,Chennai,46.0,MALE,211351.0,164299.0,110646,Current,Active
CUST0486,Andrew,Williams,Coimbatore,45.0,Male,16072.0,143767.0,50473,Current,Inactive
CUST0487,Joshua,Hall,Coimbatore,55.0,Female,,254674.0,122760,Savings,Active
CUST0488,Matthew,Young,Coimbatore,23.0,MALE,40577.0,132237.0,106196,Salary,Inactive
CUST0489,Jason,Lewis,Coimbatore,30.0,Female,9829.0,230757.0,50052,Savings,Inactive
CUST0490,Richard,Johnson,Trichy,24.0,,162800.0,272010.0,110585,Savings,Inactive
CUST0491,Tracy,Davis,Coimbatore,24.0,M,313926.0,166897.0,41928,Salary,Active
CUST0492,Alexis,Duncan,Madurai,42.0,F,,277765.0,84094,Savings,Inactive
CUST0493,Zachary,Ferguson,Trichy,57.0,,294041.0,43402.0,83863,Current,Active
CUST0494,Daniel,Walker,Coimbatore,,M,221227.0,247153.0,25622,Savings,Active
CUST0495,Nathan,White,Trichy,52.0,FEMALE,424158.0,98478.0,43844,Salary,Active
CUST0496,Brenda,Simmons,Salem,40.0,F,298743.0,223734.0,61461,Salary,Active
CUST0497,Matthew,Roberts,Chennai,50.0,Male,296051.0,10317.0,147644,Current,Active
CUST0498,Hannah,Hernandez,Salem,41.0,female,489565.0,234375.0,119060,Salary,Inactive
CUST0499,Brian,Little,Trichy,21.0,male,76979.0,9941.0,110198,Salary,Active
CUST0500,Eric,Rhodes,Chennai,,FEMALE,158248.0,128450.0,131864,Current,Inactive
